Page URL,Structured data,Field,Issue description,Discovered
https://bansallawyers.com.au,Local Business,name,A value for the name field is required.,03 Oct 2025 (01:12 UTC)
https://bansallawyers.com.au,Local Business,address,A value for the address field is required.,03 Oct 2025 (01:12 UTC)
https://bansallawyers.com.au/,Local Business,name,A value for the name field is required.,03 Oct 2025 (01:12 UTC)
https://bansallawyers.com.au/,Local Business,address,A value for the address field is required.,03 Oct 2025 (01:12 UTC)
https://bansallawyers.com.au/about,Organization,geo,The property geo is not recognized by Schema.org vocabulary.,20 Sep 2025 (08:39 UTC)
https://bansallawyers.com.au/about,Local Business,name,A value for the name field is required.,03 Oct 2025 (01:12 UTC)
https://bansallawyers.com.au/about,Local Business,address,A value for the address field is required.,03 Oct 2025 (01:12 UTC)
https://bansallawyers.com.au/administrative-law-explained-expert-guidance-bansal-lawyers,Local Business,name,A value for the name field is required.,03 Oct 2025 (01:12 UTC)
https://bansallawyers.com.au/administrative-law-explained-expert-guidance-bansal-lawyers,Local Business,address,A value for the address field is required.,03 Oct 2025 (01:12 UTC)
https://bansallawyers.com.au/alsheri-v-minister-2025-importance-of-framing-legal-question,Local Business,name,A value for the name field is required.,03 Oct 2025 (01:12 UTC)
https://bansallawyers.com.au/alsheri-v-minister-2025-importance-of-framing-legal-question,Local Business,address,A value for the address field is required.,03 Oct 2025 (01:12 UTC)
https://bansallawyers.com.au/art-application,Local Business,name,A value for the name field is required.,03 Oct 2025 (01:12 UTC)
https://bansallawyers.com.au/art-application,Local Business,address,A value for the address field is required.,03 Oct 2025 (01:12 UTC)
https://bansallawyers.com.au/assualt-charges,Local Business,name,A value for the name field is required.,03 Oct 2025 (01:12 UTC)
https://bansallawyers.com.au/assualt-charges,Local Business,address,A value for the address field is required.,03 Oct 2025 (01:12 UTC)
https://bansallawyers.com.au/book-an-appointment,Local Business,name,A value for the name field is required.,03 Oct 2025 (01:12 UTC)
https://bansallawyers.com.au/book-an-appointment,Local Business,address,A value for the address field is required.,03 Oct 2025 (01:12 UTC)
https://bansallawyers.com.au/breaking-australia-national-innovation-visa-set-to-revolutionize-immigration-in-2024,Local Business,name,A value for the name field is required.,03 Oct 2025 (01:12 UTC)
https://bansallawyers.com.au/breaking-australia-national-innovation-visa-set-to-revolutionize-immigration-in-2024,Local Business,address,A value for the address field is required.,03 Oct 2025 (01:12 UTC)
https://bansallawyers.com.au/breaking-rental-agreement-early-in-australia,Local Business,name,A value for the name field is required.,03 Oct 2025 (01:12 UTC)
https://bansallawyers.com.au/breaking-rental-agreement-early-in-australia,Local Business,address,A value for the address field is required.,03 Oct 2025 (01:12 UTC)
https://bansallawyers.com.au/building-and-construction-disputes,Local Business,name,A value for the name field is required.,03 Oct 2025 (01:12 UTC)
https://bansallawyers.com.au/building-and-construction-disputes,Local Business,address,A value for the address field is required.,03 Oct 2025 (01:12 UTC)
https://bansallawyers.com.au/business-law,Local Business,name,A value for the name field is required.,03 Oct 2025 (01:12 UTC)
https://bansallawyers.com.au/business-law,Local Business,address,A value for the address field is required.,03 Oct 2025 (01:12 UTC)
https://bansallawyers.com.au/case,Local Business,name,A value for the name field is required.,03 Oct 2025 (01:12 UTC)
https://bansallawyers.com.au/case,Local Business,address,A value for the address field is required.,03 Oct 2025 (01:12 UTC)
https://bansallawyers.com.au/caveats-disputs-and-removal,Local Business,name,A value for the name field is required.,03 Oct 2025 (01:12 UTC)
https://bansallawyers.com.au/caveats-disputs-and-removal,Local Business,address,A value for the address field is required.,03 Oct 2025 (01:12 UTC)
https://bansallawyers.com.au/chikweu-v-minister-2024-federal-court-visa-refusal-overturn,Local Business,name,A value for the name field is required.,03 Oct 2025 (01:12 UTC)
https://bansallawyers.com.au/chikweu-v-minister-2024-federal-court-visa-refusal-overturn,Local Business,address,A value for the address field is required.,03 Oct 2025 (01:12 UTC)
https://bansallawyers.com.au/child-custody,Local Business,name,A value for the name field is required.,03 Oct 2025 (01:12 UTC)
https://bansallawyers.com.au/child-custody,Local Business,address,A value for the address field is required.,03 Oct 2025 (01:12 UTC)
https://bansallawyers.com.au/closing-loopholes-reforms-independent-contractors,Local Business,name,A value for the name field is required.,03 Oct 2025 (01:12 UTC)
https://bansallawyers.com.au/closing-loopholes-reforms-independent-contractors,Local Business,address,A value for the address field is required.,03 Oct 2025 (01:12 UTC)
https://bansallawyers.com.au/commercial-law,Local Business,name,A value for the name field is required.,03 Oct 2025 (01:12 UTC)
https://bansallawyers.com.au/commercial-law,Local Business,address,A value for the address field is required.,03 Oct 2025 (01:12 UTC)
https://bansallawyers.com.au/contact,Local Business,name,A value for the name field is required.,03 Oct 2025 (01:12 UTC)
https://bansallawyers.com.au/contact,Local Business,address,A value for the address field is required.,03 Oct 2025 (01:12 UTC)
https://bansallawyers.com.au/contracts-or-business-agreements,Local Business,name,A value for the name field is required.,03 Oct 2025 (01:12 UTC)
https://bansallawyers.com.au/contracts-or-business-agreements,Local Business,address,A value for the address field is required.,03 Oct 2025 (01:12 UTC)
https://bansallawyers.com.au/conveyancing,Local Business,name,A value for the name field is required.,03 Oct 2025 (01:12 UTC)
https://bansallawyers.com.au/conveyancing,Local Business,address,A value for the address field is required.,03 Oct 2025 (01:12 UTC)
https://bansallawyers.com.au/criminal-law,Local Business,name,A value for the name field is required.,03 Oct 2025 (01:12 UTC)
https://bansallawyers.com.au/criminal-law,Local Business,address,A value for the address field is required.,03 Oct 2025 (01:12 UTC)
https://bansallawyers.com.au/difference-between-courts-and-administrative-review-tribunal,Local Business,name,A value for the name field is required.,03 Oct 2025 (01:12 UTC)
https://bansallawyers.com.au/difference-between-courts-and-administrative-review-tribunal,Local Business,address,A value for the address field is required.,03 Oct 2025 (01:12 UTC)
https://bansallawyers.com.au/divorce,Local Business,name,A value for the name field is required.,03 Oct 2025 (01:12 UTC)
https://bansallawyers.com.au/divorce,Local Business,address,A value for the address field is required.,03 Oct 2025 (01:12 UTC)
https://bansallawyers.com.au/divorce-laws-india-vs-australia,Local Business,name,A value for the name field is required.,03 Oct 2025 (01:12 UTC)
https://bansallawyers.com.au/divorce-laws-india-vs-australia,Local Business,address,A value for the address field is required.,03 Oct 2025 (01:12 UTC)
https://bansallawyers.com.au/dont-miss-out-why-the-new-subclass-482-sid-visa-is-the-fastest-way-to-work-and-stay-in-australia,Local Business,name,A value for the name field is required.,03 Oct 2025 (01:12 UTC)
https://bansallawyers.com.au/dont-miss-out-why-the-new-subclass-482-sid-visa-is-the-fastest-way-to-work-and-stay-in-australia,Local Business,address,A value for the address field is required.,03 Oct 2025 (01:12 UTC)
https://bansallawyers.com.au/drink-driving-offences,Local Business,name,A value for the name field is required.,03 Oct 2025 (01:12 UTC)
https://bansallawyers.com.au/drink-driving-offences,Local Business,address,A value for the address field is required.,03 Oct 2025 (01:12 UTC)
https://bansallawyers.com.au/exciting-changes-to-australias-administrative-review-system,Local Business,name,A value for the name field is required.,03 Oct 2025 (01:12 UTC)
https://bansallawyers.com.au/exciting-changes-to-australias-administrative-review-system,Local Business,address,A value for the address field is required.,03 Oct 2025 (01:12 UTC)
https://bansallawyers.com.au/family-law,Local Business,name,A value for the name field is required.,03 Oct 2025 (01:12 UTC)
https://bansallawyers.com.au/family-law,Local Business,address,A value for the address field is required.,03 Oct 2025 (01:12 UTC)
https://bansallawyers.com.au/family-violence,Local Business,name,A value for the name field is required.,03 Oct 2025 (01:12 UTC)
https://bansallawyers.com.au/family-violence,Local Business,address,A value for the address field is required.,03 Oct 2025 (01:12 UTC)
https://bansallawyers.com.au/family-violence-orders,Local Business,name,A value for the name field is required.,03 Oct 2025 (01:12 UTC)
https://bansallawyers.com.au/family-violence-orders,Local Business,address,A value for the address field is required.,03 Oct 2025 (01:12 UTC)
https://bansallawyers.com.au/federal-court-application,Local Business,name,A value for the name field is required.,03 Oct 2025 (01:12 UTC)
https://bansallawyers.com.au/federal-court-application,Local Business,address,A value for the address field is required.,03 Oct 2025 (01:12 UTC)
https://bansallawyers.com.au/guide-to-successful-co-parenting-after-divorce,Local Business,name,A value for the name field is required.,03 Oct 2025 (01:12 UTC)
https://bansallawyers.com.au/guide-to-successful-co-parenting-after-divorce,Local Business,address,A value for the address field is required.,03 Oct 2025 (01:12 UTC)
https://bansallawyers.com.au/hiding-assets-during-divorce-australia,Local Business,name,A value for the name field is required.,03 Oct 2025 (01:12 UTC)
https://bansallawyers.com.au/hiding-assets-during-divorce-australia,Local Business,address,A value for the address field is required.,03 Oct 2025 (01:12 UTC)
https://bansallawyers.com.au/how-to-appeal-visa-refusal-administrative-review-tribunal,Local Business,name,A value for the name field is required.,03 Oct 2025 (01:12 UTC)
https://bansallawyers.com.au/how-to-appeal-visa-refusal-administrative-review-tribunal,Local Business,address,A value for the address field is required.,03 Oct 2025 (01:12 UTC)
https://bansallawyers.com.au/how-to-appeal-visa-refusal-cancellation-art,Local Business,name,A value for the name field is required.,03 Oct 2025 (01:12 UTC)
https://bansallawyers.com.au/how-to-appeal-visa-refusal-cancellation-art,Local Business,address,A value for the address field is required.,03 Oct 2025 (01:12 UTC)
https://bansallawyers.com.au/how-to-build-strong-brand-legal-considerations-for-your-business-identity-in-australia,Local Business,name,A value for the name field is required.,03 Oct 2025 (01:12 UTC)
https://bansallawyers.com.au/how-to-build-strong-brand-legal-considerations-for-your-business-identity-in-australia,Local Business,address,A value for the address field is required.,03 Oct 2025 (01:12 UTC)
https://bansallawyers.com.au/how-to-divide-finances-and-property-after-separation-australia,Local Business,name,A value for the name field is required.,03 Oct 2025 (01:12 UTC)
https://bansallawyers.com.au/how-to-divide-finances-and-property-after-separation-australia,Local Business,address,A value for the address field is required.,03 Oct 2025 (01:12 UTC)
https://bansallawyers.com.au/human-rights-legal-recourse-australia,Local Business,name,A value for the name field is required.,03 Oct 2025 (01:12 UTC)
https://bansallawyers.com.au/human-rights-legal-recourse-australia,Local Business,address,A value for the address field is required.,03 Oct 2025 (01:12 UTC)
https://bansallawyers.com.au/important-changes-to-student-visa-processing-ministerial-direction,Local Business,name,A value for the name field is required.,03 Oct 2025 (01:12 UTC)
https://bansallawyers.com.au/important-changes-to-student-visa-processing-ministerial-direction,Local Business,address,A value for the address field is required.,03 Oct 2025 (01:12 UTC)
https://bansallawyers.com.au/intervenition-orders,Local Business,name,A value for the name field is required.,03 Oct 2025 (01:12 UTC)
https://bansallawyers.com.au/intervenition-orders,Local Business,address,A value for the address field is required.,03 Oct 2025 (01:12 UTC)
https://bansallawyers.com.au/judicial-review-of-migration-decisions-in-australia-a-guide-by-bansal-lawyers,Local Business,name,A value for the name field is required.,03 Oct 2025 (01:12 UTC)
https://bansallawyers.com.au/judicial-review-of-migration-decisions-in-australia-a-guide-by-bansal-lawyers,Local Business,address,A value for the address field is required.,03 Oct 2025 (01:12 UTC)
https://bansallawyers.com.au/juridicational-error-federal-circuit-court-application,Local Business,name,A value for the name field is required.,03 Oct 2025 (01:12 UTC)
https://bansallawyers.com.au/juridicational-error-federal-circuit-court-application,Local Business,address,A value for the address field is required.,03 Oct 2025 (01:12 UTC)
https://bansallawyers.com.au/khanal-migration-english-language-requirements-covid-19-case-study,Local Business,name,A value for the name field is required.,03 Oct 2025 (01:12 UTC)
https://bansallawyers.com.au/khanal-migration-english-language-requirements-covid-19-case-study,Local Business,address,A value for the address field is required.,03 Oct 2025 (01:12 UTC)
https://bansallawyers.com.au/leasing-or-selling-a-business,Local Business,name,A value for the name field is required.,03 Oct 2025 (01:12 UTC)
https://bansallawyers.com.au/leasing-or-selling-a-business,Local Business,address,A value for the address field is required.,03 Oct 2025 (01:12 UTC)
https://bansallawyers.com.au/loan-agreement,Local Business,name,A value for the name field is required.,03 Oct 2025 (01:12 UTC)
https://bansallawyers.com.au/loan-agreement,Local Business,address,A value for the address field is required.,03 Oct 2025 (01:12 UTC)
https://bansallawyers.com.au/maazuddin-v-minister-2024-tribunal-decision-overturned,Local Business,name,A value for the name field is required.,03 Oct 2025 (01:12 UTC)
https://bansallawyers.com.au/maazuddin-v-minister-2024-tribunal-decision-overturned,Local Business,address,A value for the address field is required.,03 Oct 2025 (01:12 UTC)
https://bansallawyers.com.au/migration-law,Local Business,name,A value for the name field is required.,03 Oct 2025 (01:12 UTC)
https://bansallawyers.com.au/migration-law,Local Business,address,A value for the address field is required.,03 Oct 2025 (01:12 UTC)
https://bansallawyers.com.au/navigating-corporate-litigation,Local Business,name,A value for the name field is required.,03 Oct 2025 (01:12 UTC)
https://bansallawyers.com.au/navigating-corporate-litigation,Local Business,address,A value for the address field is required.,03 Oct 2025 (01:12 UTC)
https://bansallawyers.com.au/noicc-visa-cancellation-australia,Local Business,name,A value for the name field is required.,03 Oct 2025 (01:12 UTC)
https://bansallawyers.com.au/noicc-visa-cancellation-australia,Local Business,address,A value for the address field is required.,03 Oct 2025 (01:12 UTC)
https://bansallawyers.com.au/parenting-arrangements-after-divorce-in-australia,Local Business,name,A value for the name field is required.,03 Oct 2025 (01:12 UTC)
https://bansallawyers.com.au/parenting-arrangements-after-divorce-in-australia,Local Business,address,A value for the address field is required.,03 Oct 2025 (01:12 UTC)
https://bansallawyers.com.au/practice-areas,Local Business,name,A value for the name field is required.,03 Oct 2025 (01:12 UTC)
https://bansallawyers.com.au/practice-areas,Local Business,address,A value for the address field is required.,03 Oct 2025 (01:12 UTC)
https://bansallawyers.com.au/property-law,Local Business,name,A value for the name field is required.,03 Oct 2025 (01:12 UTC)
https://bansallawyers.com.au/property-law,Local Business,address,A value for the address field is required.,03 Oct 2025 (01:12 UTC)
https://bansallawyers.com.au/property-settlement,Local Business,name,A value for the name field is required.,03 Oct 2025 (01:12 UTC)
https://bansallawyers.com.au/property-settlement,Local Business,address,A value for the address field is required.,03 Oct 2025 (01:12 UTC)
https://bansallawyers.com.au/step-by-step-guide-applying-divorce-in-australia,Local Business,name,A value for the name field is required.,03 Oct 2025 (01:12 UTC)
https://bansallawyers.com.au/step-by-step-guide-applying-divorce-in-australia,Local Business,address,A value for the address field is required.,03 Oct 2025 (01:12 UTC)
https://bansallawyers.com.au/student-visa-refusal-bias-jaggi-v-minister-2024,Local Business,name,A value for the name field is required.,03 Oct 2025 (01:12 UTC)
https://bansallawyers.com.au/student-visa-refusal-bias-jaggi-v-minister-2024,Local Business,address,A value for the address field is required.,03 Oct 2025 (01:12 UTC)
https://bansallawyers.com.au/thakur-v-minister-for-immigration-2025-student-visa,Local Business,name,A value for the name field is required.,03 Oct 2025 (01:12 UTC)
https://bansallawyers.com.au/thakur-v-minister-for-immigration-2025-student-visa,Local Business,address,A value for the address field is required.,03 Oct 2025 (01:12 UTC)
https://bansallawyers.com.au/top-10-legal-services-australia-bansal-lawyers-melbourne,Local Business,name,A value for the name field is required.,03 Oct 2025 (01:12 UTC)
https://bansallawyers.com.au/top-10-legal-services-australia-bansal-lawyers-melbourne,Local Business,address,A value for the address field is required.,03 Oct 2025 (01:12 UTC)
https://bansallawyers.com.au/top-legal-risks-for-small-businesses,Local Business,name,A value for the name field is required.,03 Oct 2025 (01:12 UTC)
https://bansallawyers.com.au/top-legal-risks-for-small-businesses,Local Business,address,A value for the address field is required.,03 Oct 2025 (01:12 UTC)
https://bansallawyers.com.au/trafic-offences,Local Business,name,A value for the name field is required.,03 Oct 2025 (01:12 UTC)
https://bansallawyers.com.au/trafic-offences,Local Business,address,A value for the address field is required.,03 Oct 2025 (01:12 UTC)
https://bansallawyers.com.au/understanding-administrative-law-bansal-lawyers,Local Business,name,A value for the name field is required.,03 Oct 2025 (01:12 UTC)
https://bansallawyers.com.au/understanding-administrative-law-bansal-lawyers,Local Business,address,A value for the address field is required.,03 Oct 2025 (01:12 UTC)
https://bansallawyers.com.au/understanding-affidavits-statutory-declarations-statements-of-evidence,Local Business,name,A value for the name field is required.,03 Oct 2025 (01:12 UTC)
https://bansallawyers.com.au/understanding-affidavits-statutory-declarations-statements-of-evidence,Local Business,address,A value for the address field is required.,03 Oct 2025 (01:12 UTC)
https://bansallawyers.com.au/understanding-de-facto-relationship-vs-marriage-australia,Local Business,name,A value for the name field is required.,03 Oct 2025 (01:12 UTC)
https://bansallawyers.com.au/understanding-de-facto-relationship-vs-marriage-australia,Local Business,address,A value for the address field is required.,03 Oct 2025 (01:12 UTC)
https://bansallawyers.com.au/understanding-family-law-court-fees-australia,Local Business,name,A value for the name field is required.,03 Oct 2025 (01:12 UTC)
https://bansallawyers.com.au/understanding-family-law-court-fees-australia,Local Business,address,A value for the address field is required.,03 Oct 2025 (01:12 UTC)
https://bansallawyers.com.au/visa-refusal-australia-review-appeal-bansal-lawyers,Local Business,name,A value for the name field is required.,03 Oct 2025 (01:12 UTC)
https://bansallawyers.com.au/visa-refusal-australia-review-appeal-bansal-lawyers,Local Business,address,A value for the address field is required.,03 Oct 2025 (01:12 UTC)
https://bansallawyers.com.au/visa-refusals-visa-cancellation,Local Business,name,A value for the name field is required.,03 Oct 2025 (01:12 UTC)
https://bansallawyers.com.au/visa-refusals-visa-cancellation,Local Business,address,A value for the address field is required.,03 Oct 2025 (01:12 UTC)
https://bansallawyers.com.au/what-is-the-civil-dispute-resolution-act-2011-australia,Local Business,name,A value for the name field is required.,03 Oct 2025 (01:12 UTC)
https://bansallawyers.com.au/what-is-the-civil-dispute-resolution-act-2011-australia,Local Business,address,A value for the address field is required.,03 Oct 2025 (01:12 UTC)
https://bansallawyers.com.au/why-you-need-power-of-attorney-bansal-lawyers-australia,Local Business,name,A value for the name field is required.,03 Oct 2025 (01:12 UTC)
https://bansallawyers.com.au/why-you-need-power-of-attorney-bansal-lawyers-australia,Local Business,address,A value for the address field is required.,03 Oct 2025 (01:12 UTC)
https://bansallawyers.com.au/why-you-need-power-of-attorney-today,Local Business,name,A value for the name field is required.,03 Oct 2025 (01:12 UTC)
https://bansallawyers.com.au/why-you-need-power-of-attorney-today,Local Business,address,A value for the address field is required.,03 Oct 2025 (01:12 UTC)
https://www.bansallawyers.com.au,Local Business,name,A value for the name field is required.,03 Oct 2025 (01:12 UTC)
https://www.bansallawyers.com.au,Local Business,address,A value for the address field is required.,03 Oct 2025 (01:12 UTC)
https://www.bansallawyers.com.au/,Local Business,name,A value for the name field is required.,03 Oct 2025 (01:12 UTC)
https://www.bansallawyers.com.au/,Local Business,address,A value for the address field is required.,03 Oct 2025 (01:12 UTC)
https://www.bansallawyers.com.au/about,Local Business,name,A value for the name field is required.,03 Oct 2025 (01:12 UTC)
https://www.bansallawyers.com.au/about,Local Business,address,A value for the address field is required.,03 Oct 2025 (01:12 UTC)
https://www.bansallawyers.com.au/about,Organization,geo,The property geo is not recognized by Schema.org vocabulary.,20 Sep 2025 (08:39 UTC)
https://www.bansallawyers.com.au/administrative-law-explained-expert-guidance-bansal-lawyers,Local Business,name,A value for the name field is required.,03 Oct 2025 (01:12 UTC)
https://www.bansallawyers.com.au/administrative-law-explained-expert-guidance-bansal-lawyers,Local Business,address,A value for the address field is required.,03 Oct 2025 (01:12 UTC)
https://www.bansallawyers.com.au/alsheri-v-minister-2025-importance-of-framing-legal-question,Local Business,name,A value for the name field is required.,03 Oct 2025 (01:12 UTC)
https://www.bansallawyers.com.au/alsheri-v-minister-2025-importance-of-framing-legal-question,Local Business,address,A value for the address field is required.,03 Oct 2025 (01:12 UTC)
https://www.bansallawyers.com.au/art-application,Local Business,name,A value for the name field is required.,03 Oct 2025 (01:12 UTC)
https://www.bansallawyers.com.au/art-application,Local Business,address,A value for the address field is required.,03 Oct 2025 (01:12 UTC)
https://www.bansallawyers.com.au/assualt-charges,Local Business,name,A value for the name field is required.,03 Oct 2025 (01:12 UTC)
https://www.bansallawyers.com.au/assualt-charges,Local Business,address,A value for the address field is required.,03 Oct 2025 (01:12 UTC)
https://www.bansallawyers.com.au/book-an-appointment,Local Business,name,A value for the name field is required.,03 Oct 2025 (01:12 UTC)
https://www.bansallawyers.com.au/book-an-appointment,Local Business,address,A value for the address field is required.,03 Oct 2025 (01:12 UTC)
https://www.bansallawyers.com.au/breaking-australia-national-innovation-visa-set-to-revolutionize-immigration-in-2024,Local Business,name,A value for the name field is required.,03 Oct 2025 (01:12 UTC)
https://www.bansallawyers.com.au/breaking-australia-national-innovation-visa-set-to-revolutionize-immigration-in-2024,Local Business,address,A value for the address field is required.,03 Oct 2025 (01:12 UTC)
https://www.bansallawyers.com.au/breaking-rental-agreement-early-in-australia,Local Business,name,A value for the name field is required.,03 Oct 2025 (01:12 UTC)
https://www.bansallawyers.com.au/breaking-rental-agreement-early-in-australia,Local Business,address,A value for the address field is required.,03 Oct 2025 (01:12 UTC)
https://www.bansallawyers.com.au/building-and-construction-disputes,Local Business,name,A value for the name field is required.,03 Oct 2025 (01:12 UTC)
https://www.bansallawyers.com.au/building-and-construction-disputes,Local Business,address,A value for the address field is required.,03 Oct 2025 (01:12 UTC)
https://www.bansallawyers.com.au/business-law,Local Business,name,A value for the name field is required.,03 Oct 2025 (01:12 UTC)
https://www.bansallawyers.com.au/business-law,Local Business,address,A value for the address field is required.,03 Oct 2025 (01:12 UTC)
https://www.bansallawyers.com.au/case,Local Business,name,A value for the name field is required.,03 Oct 2025 (01:12 UTC)
https://www.bansallawyers.com.au/case,Local Business,address,A value for the address field is required.,03 Oct 2025 (01:12 UTC)
https://www.bansallawyers.com.au/caveats-disputs-and-removal,Local Business,name,A value for the name field is required.,03 Oct 2025 (01:12 UTC)
https://www.bansallawyers.com.au/caveats-disputs-and-removal,Local Business,address,A value for the address field is required.,03 Oct 2025 (01:12 UTC)
https://www.bansallawyers.com.au/chikweu-v-minister-2024-federal-court-visa-refusal-overturn,Local Business,name,A value for the name field is required.,03 Oct 2025 (01:12 UTC)
https://www.bansallawyers.com.au/chikweu-v-minister-2024-federal-court-visa-refusal-overturn,Local Business,address,A value for the address field is required.,03 Oct 2025 (01:12 UTC)
https://www.bansallawyers.com.au/child-custody,Local Business,name,A value for the name field is required.,03 Oct 2025 (01:12 UTC)
https://www.bansallawyers.com.au/child-custody,Local Business,address,A value for the address field is required.,03 Oct 2025 (01:12 UTC)
https://www.bansallawyers.com.au/closing-loopholes-reforms-independent-contractors,Local Business,name,A value for the name field is required.,03 Oct 2025 (01:12 UTC)
https://www.bansallawyers.com.au/closing-loopholes-reforms-independent-contractors,Local Business,address,A value for the address field is required.,03 Oct 2025 (01:12 UTC)
https://www.bansallawyers.com.au/commercial-law,Local Business,name,A value for the name field is required.,03 Oct 2025 (01:12 UTC)
https://www.bansallawyers.com.au/commercial-law,Local Business,address,A value for the address field is required.,03 Oct 2025 (01:12 UTC)
https://www.bansallawyers.com.au/contact,Local Business,name,A value for the name field is required.,03 Oct 2025 (01:12 UTC)
https://www.bansallawyers.com.au/contact,Local Business,address,A value for the address field is required.,03 Oct 2025 (01:12 UTC)
https://www.bansallawyers.com.au/contracts-or-business-agreements,Local Business,name,A value for the name field is required.,03 Oct 2025 (01:12 UTC)
https://www.bansallawyers.com.au/contracts-or-business-agreements,Local Business,address,A value for the address field is required.,03 Oct 2025 (01:12 UTC)
https://www.bansallawyers.com.au/conveyancing,Local Business,name,A value for the name field is required.,03 Oct 2025 (01:12 UTC)
https://www.bansallawyers.com.au/conveyancing,Local Business,address,A value for the address field is required.,03 Oct 2025 (01:12 UTC)
https://www.bansallawyers.com.au/criminal-law,Local Business,name,A value for the name field is required.,03 Oct 2025 (01:12 UTC)
https://www.bansallawyers.com.au/criminal-law,Local Business,address,A value for the address field is required.,03 Oct 2025 (01:12 UTC)
https://www.bansallawyers.com.au/difference-between-courts-and-administrative-review-tribunal,Local Business,name,A value for the name field is required.,03 Oct 2025 (01:12 UTC)
https://www.bansallawyers.com.au/difference-between-courts-and-administrative-review-tribunal,Local Business,address,A value for the address field is required.,03 Oct 2025 (01:12 UTC)
https://www.bansallawyers.com.au/divorce,Local Business,name,A value for the name field is required.,03 Oct 2025 (01:12 UTC)
https://www.bansallawyers.com.au/divorce,Local Business,address,A value for the address field is required.,03 Oct 2025 (01:12 UTC)
https://www.bansallawyers.com.au/divorce-laws-india-vs-australia,Local Business,name,A value for the name field is required.,03 Oct 2025 (01:12 UTC)
https://www.bansallawyers.com.au/divorce-laws-india-vs-australia,Local Business,address,A value for the address field is required.,03 Oct 2025 (01:12 UTC)
https://www.bansallawyers.com.au/dont-miss-out-why-the-new-subclass-482-sid-visa-is-the-fastest-way-to-work-and-stay-in-australia,Local Business,name,A value for the name field is required.,03 Oct 2025 (01:12 UTC)
https://www.bansallawyers.com.au/dont-miss-out-why-the-new-subclass-482-sid-visa-is-the-fastest-way-to-work-and-stay-in-australia,Local Business,address,A value for the address field is required.,03 Oct 2025 (01:12 UTC)
https://www.bansallawyers.com.au/drink-driving-offences,Local Business,name,A value for the name field is required.,03 Oct 2025 (01:12 UTC)
https://www.bansallawyers.com.au/drink-driving-offences,Local Business,address,A value for the address field is required.,03 Oct 2025 (01:12 UTC)
https://www.bansallawyers.com.au/exciting-changes-to-australias-administrative-review-system,Local Business,name,A value for the name field is required.,03 Oct 2025 (01:12 UTC)
https://www.bansallawyers.com.au/exciting-changes-to-australias-administrative-review-system,Local Business,address,A value for the address field is required.,03 Oct 2025 (01:12 UTC)
https://www.bansallawyers.com.au/family-law,Local Business,name,A value for the name field is required.,03 Oct 2025 (01:12 UTC)
https://www.bansallawyers.com.au/family-law,Local Business,address,A value for the address field is required.,03 Oct 2025 (01:12 UTC)
https://www.bansallawyers.com.au/family-violence,Local Business,name,A value for the name field is required.,03 Oct 2025 (01:12 UTC)
https://www.bansallawyers.com.au/family-violence,Local Business,address,A value for the address field is required.,03 Oct 2025 (01:12 UTC)
https://www.bansallawyers.com.au/family-violence-orders,Local Business,name,A value for the name field is required.,03 Oct 2025 (01:12 UTC)
https://www.bansallawyers.com.au/family-violence-orders,Local Business,address,A value for the address field is required.,03 Oct 2025 (01:12 UTC)
https://www.bansallawyers.com.au/federal-court-application,Local Business,name,A value for the name field is required.,03 Oct 2025 (01:12 UTC)
https://www.bansallawyers.com.au/federal-court-application,Local Business,address,A value for the address field is required.,03 Oct 2025 (01:12 UTC)
https://www.bansallawyers.com.au/guide-to-successful-co-parenting-after-divorce,Local Business,name,A value for the name field is required.,03 Oct 2025 (01:12 UTC)
https://www.bansallawyers.com.au/guide-to-successful-co-parenting-after-divorce,Local Business,address,A value for the address field is required.,03 Oct 2025 (01:12 UTC)
https://www.bansallawyers.com.au/hiding-assets-during-divorce-australia,Local Business,name,A value for the name field is required.,03 Oct 2025 (01:12 UTC)
https://www.bansallawyers.com.au/hiding-assets-during-divorce-australia,Local Business,address,A value for the address field is required.,03 Oct 2025 (01:12 UTC)
https://www.bansallawyers.com.au/how-to-appeal-visa-refusal-administrative-review-tribunal,Local Business,name,A value for the name field is required.,03 Oct 2025 (01:12 UTC)
https://www.bansallawyers.com.au/how-to-appeal-visa-refusal-administrative-review-tribunal,Local Business,address,A value for the address field is required.,03 Oct 2025 (01:12 UTC)
https://www.bansallawyers.com.au/how-to-appeal-visa-refusal-cancellation-art,Local Business,name,A value for the name field is required.,03 Oct 2025 (01:12 UTC)
https://www.bansallawyers.com.au/how-to-appeal-visa-refusal-cancellation-art,Local Business,address,A value for the address field is required.,03 Oct 2025 (01:12 UTC)
https://www.bansallawyers.com.au/how-to-build-strong-brand-legal-considerations-for-your-business-identity-in-australia,Local Business,name,A value for the name field is required.,03 Oct 2025 (01:12 UTC)
https://www.bansallawyers.com.au/how-to-build-strong-brand-legal-considerations-for-your-business-identity-in-australia,Local Business,address,A value for the address field is required.,03 Oct 2025 (01:12 UTC)
https://www.bansallawyers.com.au/how-to-divide-finances-and-property-after-separation-australia,Local Business,name,A value for the name field is required.,03 Oct 2025 (01:12 UTC)
https://www.bansallawyers.com.au/how-to-divide-finances-and-property-after-separation-australia,Local Business,address,A value for the address field is required.,03 Oct 2025 (01:12 UTC)
https://www.bansallawyers.com.au/human-rights-legal-recourse-australia,Local Business,name,A value for the name field is required.,03 Oct 2025 (01:12 UTC)
https://www.bansallawyers.com.au/human-rights-legal-recourse-australia,Local Business,address,A value for the address field is required.,03 Oct 2025 (01:12 UTC)
https://www.bansallawyers.com.au/important-changes-to-student-visa-processing-ministerial-direction,Local Business,name,A value for the name field is required.,08 Oct 2025 (07:23 UTC)
https://www.bansallawyers.com.au/important-changes-to-student-visa-processing-ministerial-direction,Local Business,address,A value for the address field is required.,08 Oct 2025 (07:23 UTC)
https://www.bansallawyers.com.au/intervenition-orders,Local Business,name,A value for the name field is required.,03 Oct 2025 (01:12 UTC)
https://www.bansallawyers.com.au/intervenition-orders,Local Business,address,A value for the address field is required.,03 Oct 2025 (01:12 UTC)
https://www.bansallawyers.com.au/judicial-review-of-migration-decisions-in-australia-a-guide-by-bansal-lawyers,Local Business,name,A value for the name field is required.,03 Oct 2025 (01:12 UTC)
https://www.bansallawyers.com.au/judicial-review-of-migration-decisions-in-australia-a-guide-by-bansal-lawyers,Local Business,address,A value for the address field is required.,03 Oct 2025 (01:12 UTC)
https://www.bansallawyers.com.au/juridicational-error-federal-circuit-court-application,Local Business,name,A value for the name field is required.,03 Oct 2025 (01:12 UTC)
https://www.bansallawyers.com.au/juridicational-error-federal-circuit-court-application,Local Business,address,A value for the address field is required.,03 Oct 2025 (01:12 UTC)
https://www.bansallawyers.com.au/khanal-migration-english-language-requirements-covid-19-case-study,Local Business,name,A value for the name field is required.,03 Oct 2025 (01:12 UTC)
https://www.bansallawyers.com.au/khanal-migration-english-language-requirements-covid-19-case-study,Local Business,address,A value for the address field is required.,03 Oct 2025 (01:12 UTC)
https://www.bansallawyers.com.au/leasing-or-selling-a-business,Local Business,name,A value for the name field is required.,03 Oct 2025 (01:12 UTC)
https://www.bansallawyers.com.au/leasing-or-selling-a-business,Local Business,address,A value for the address field is required.,03 Oct 2025 (01:12 UTC)
https://www.bansallawyers.com.au/loan-agreement,Local Business,name,A value for the name field is required.,03 Oct 2025 (01:12 UTC)
https://www.bansallawyers.com.au/loan-agreement,Local Business,address,A value for the address field is required.,03 Oct 2025 (01:12 UTC)
https://www.bansallawyers.com.au/maazuddin-v-minister-2024-tribunal-decision-overturned,Local Business,name,A value for the name field is required.,03 Oct 2025 (01:12 UTC)
https://www.bansallawyers.com.au/maazuddin-v-minister-2024-tribunal-decision-overturned,Local Business,address,A value for the address field is required.,03 Oct 2025 (01:12 UTC)
https://www.bansallawyers.com.au/migration-law,Local Business,name,A value for the name field is required.,03 Oct 2025 (01:12 UTC)
https://www.bansallawyers.com.au/migration-law,Local Business,address,A value for the address field is required.,03 Oct 2025 (01:12 UTC)
https://www.bansallawyers.com.au/navigating-corporate-litigation,Local Business,name,A value for the name field is required.,03 Oct 2025 (01:12 UTC)
https://www.bansallawyers.com.au/navigating-corporate-litigation,Local Business,address,A value for the address field is required.,03 Oct 2025 (01:12 UTC)
https://www.bansallawyers.com.au/noicc-visa-cancellation-australia,Local Business,name,A value for the name field is required.,03 Oct 2025 (01:12 UTC)
https://www.bansallawyers.com.au/noicc-visa-cancellation-australia,Local Business,address,A value for the address field is required.,03 Oct 2025 (01:12 UTC)
https://www.bansallawyers.com.au/parenting-arrangements-after-divorce-in-australia,Local Business,name,A value for the name field is required.,03 Oct 2025 (01:12 UTC)
https://www.bansallawyers.com.au/parenting-arrangements-after-divorce-in-australia,Local Business,address,A value for the address field is required.,03 Oct 2025 (01:12 UTC)
https://www.bansallawyers.com.au/practice-areas,Local Business,name,A value for the name field is required.,03 Oct 2025 (01:12 UTC)
https://www.bansallawyers.com.au/practice-areas,Local Business,address,A value for the address field is required.,03 Oct 2025 (01:12 UTC)
https://www.bansallawyers.com.au/property-law,Local Business,name,A value for the name field is required.,03 Oct 2025 (01:12 UTC)
https://www.bansallawyers.com.au/property-law,Local Business,address,A value for the address field is required.,03 Oct 2025 (01:12 UTC)
https://www.bansallawyers.com.au/property-settlement,Local Business,name,A value for the name field is required.,03 Oct 2025 (01:12 UTC)
https://www.bansallawyers.com.au/property-settlement,Local Business,address,A value for the address field is required.,03 Oct 2025 (01:12 UTC)
https://www.bansallawyers.com.au/step-by-step-guide-applying-divorce-in-australia,Local Business,name,A value for the name field is required.,03 Oct 2025 (01:12 UTC)
https://www.bansallawyers.com.au/step-by-step-guide-applying-divorce-in-australia,Local Business,address,A value for the address field is required.,03 Oct 2025 (01:12 UTC)
https://www.bansallawyers.com.au/student-visa-refusal-bias-jaggi-v-minister-2024,Local Business,name,A value for the name field is required.,03 Oct 2025 (01:12 UTC)
https://www.bansallawyers.com.au/student-visa-refusal-bias-jaggi-v-minister-2024,Local Business,address,A value for the address field is required.,03 Oct 2025 (01:12 UTC)
https://www.bansallawyers.com.au/thakur-v-minister-for-immigration-2025-student-visa,Local Business,name,A value for the name field is required.,03 Oct 2025 (01:12 UTC)
https://www.bansallawyers.com.au/thakur-v-minister-for-immigration-2025-student-visa,Local Business,address,A value for the address field is required.,03 Oct 2025 (01:12 UTC)
https://www.bansallawyers.com.au/top-10-legal-services-australia-bansal-lawyers-melbourne,Local Business,name,A value for the name field is required.,03 Oct 2025 (01:12 UTC)
https://www.bansallawyers.com.au/top-10-legal-services-australia-bansal-lawyers-melbourne,Local Business,address,A value for the address field is required.,03 Oct 2025 (01:12 UTC)
https://www.bansallawyers.com.au/top-legal-risks-for-small-businesses,Local Business,name,A value for the name field is required.,03 Oct 2025 (01:12 UTC)
https://www.bansallawyers.com.au/top-legal-risks-for-small-businesses,Local Business,address,A value for the address field is required.,03 Oct 2025 (01:12 UTC)
https://www.bansallawyers.com.au/trafic-offences,Local Business,name,A value for the name field is required.,03 Oct 2025 (01:12 UTC)
https://www.bansallawyers.com.au/trafic-offences,Local Business,address,A value for the address field is required.,03 Oct 2025 (01:12 UTC)
https://www.bansallawyers.com.au/understanding-administrative-law-bansal-lawyers,Local Business,name,A value for the name field is required.,03 Oct 2025 (01:12 UTC)
https://www.bansallawyers.com.au/understanding-administrative-law-bansal-lawyers,Local Business,address,A value for the address field is required.,03 Oct 2025 (01:12 UTC)
https://www.bansallawyers.com.au/understanding-affidavits-statutory-declarations-statements-of-evidence,Local Business,name,A value for the name field is required.,03 Oct 2025 (01:12 UTC)
https://www.bansallawyers.com.au/understanding-affidavits-statutory-declarations-statements-of-evidence,Local Business,address,A value for the address field is required.,03 Oct 2025 (01:12 UTC)
https://www.bansallawyers.com.au/understanding-de-facto-relationship-vs-marriage-australia,Local Business,name,A value for the name field is required.,03 Oct 2025 (01:12 UTC)
https://www.bansallawyers.com.au/understanding-de-facto-relationship-vs-marriage-australia,Local Business,address,A value for the address field is required.,03 Oct 2025 (01:12 UTC)
https://www.bansallawyers.com.au/understanding-family-law-court-fees-australia,Local Business,name,A value for the name field is required.,03 Oct 2025 (01:12 UTC)
https://www.bansallawyers.com.au/understanding-family-law-court-fees-australia,Local Business,address,A value for the address field is required.,03 Oct 2025 (01:12 UTC)
https://www.bansallawyers.com.au/visa-refusal-australia-review-appeal-bansal-lawyers,Local Business,name,A value for the name field is required.,03 Oct 2025 (01:12 UTC)
https://www.bansallawyers.com.au/visa-refusal-australia-review-appeal-bansal-lawyers,Local Business,address,A value for the address field is required.,03 Oct 2025 (01:12 UTC)
https://www.bansallawyers.com.au/visa-refusals-visa-cancellation,Local Business,name,A value for the name field is required.,03 Oct 2025 (01:12 UTC)
https://www.bansallawyers.com.au/visa-refusals-visa-cancellation,Local Business,address,A value for the address field is required.,03 Oct 2025 (01:12 UTC)
https://www.bansallawyers.com.au/what-is-the-civil-dispute-resolution-act-2011-australia,Local Business,name,A value for the name field is required.,03 Oct 2025 (01:12 UTC)
https://www.bansallawyers.com.au/what-is-the-civil-dispute-resolution-act-2011-australia,Local Business,address,A value for the address field is required.,03 Oct 2025 (01:12 UTC)
https://www.bansallawyers.com.au/why-you-need-power-of-attorney-bansal-lawyers-australia,Local Business,name,A value for the name field is required.,03 Oct 2025 (01:12 UTC)
https://www.bansallawyers.com.au/why-you-need-power-of-attorney-bansal-lawyers-australia,Local Business,address,A value for the address field is required.,03 Oct 2025 (01:12 UTC)
https://www.bansallawyers.com.au/why-you-need-power-of-attorney-today,Local Business,name,A value for the name field is required.,03 Oct 2025 (01:12 UTC)
https://www.bansallawyers.com.au/why-you-need-power-of-attorney-today,Local Business,address,A value for the address field is required.,03 Oct 2025 (01:12 UTC)
