Page URL,Resource URL,Resource Type,Discovered
https://bansallawyers.com.au,https://bansallawyers.com.au/css/style_lawyer.min.css,css,17 Sep 2025 (04:02 UTC)
https://bansallawyers.com.au/,https://bansallawyers.com.au/css/style_lawyer.min.css,css,17 Sep 2025 (04:02 UTC)
https://bansallawyers.com.au/about,https://bansallawyers.com.au/css/style_lawyer.min.css,css,17 Sep 2025 (04:02 UTC)
https://bansallawyers.com.au/administrative-law-explained-expert-guidance-bansal-lawyers,https://bansallawyers.com.au/css/style_lawyer.min.css,css,20 Sep 2025 (06:24 UTC)
https://bansallawyers.com.au/alsheri-v-minister-2025-importance-of-framing-legal-question,https://bansallawyers.com.au/css/style_lawyer.min.css,css,17 Sep 2025 (05:40 UTC)
https://bansallawyers.com.au/art-application,https://bansallawyers.com.au/css/style_lawyer.min.css,css,17 Sep 2025 (05:40 UTC)
https://bansallawyers.com.au/assualt-charges,https://bansallawyers.com.au/css/style_lawyer.min.css,css,17 Sep 2025 (05:40 UTC)
https://bansallawyers.com.au/book-an-appointment,https://bansallawyers.com.au/js/Frontend/sticky.min.js,javascript,17 Sep 2025 (04:02 UTC)
https://bansallawyers.com.au/book-an-appointment,https://bansallawyers.com.au/css/style_lawyer.min.css,css,17 Sep 2025 (04:02 UTC)
https://bansallawyers.com.au/book-an-appointment,https://bansallawyers.com.au/js/Frontend/hoverIntent.min.js,javascript,17 Sep 2025 (04:02 UTC)
https://bansallawyers.com.au/breaking-australia-national-innovation-visa-set-to-revolutionize-immigration-in-2024,https://bansallawyers.com.au/css/style_lawyer.min.css,css,19 Sep 2025 (11:28 UTC)
https://bansallawyers.com.au/breaking-rental-agreement-early-in-australia,https://bansallawyers.com.au/css/style_lawyer.min.css,css,19 Sep 2025 (11:28 UTC)
https://bansallawyers.com.au/building-and-construction-disputes,https://bansallawyers.com.au/css/style_lawyer.min.css,css,17 Sep 2025 (05:40 UTC)
https://bansallawyers.com.au/business-law,https://bansallawyers.com.au/css/style_lawyer.min.css,css,17 Sep 2025 (05:40 UTC)
https://bansallawyers.com.au/case,https://bansallawyers.com.au/css/style_lawyer.min.css,css,17 Sep 2025 (04:02 UTC)
https://bansallawyers.com.au/caveats-disputs-and-removal,https://bansallawyers.com.au/css/style_lawyer.min.css,css,17 Sep 2025 (05:40 UTC)
https://bansallawyers.com.au/chikweu-v-minister-2024-federal-court-visa-refusal-overturn,https://bansallawyers.com.au/css/style_lawyer.min.css,css,17 Sep 2025 (05:40 UTC)
https://bansallawyers.com.au/child-custody,https://bansallawyers.com.au/css/style_lawyer.min.css,css,17 Sep 2025 (05:40 UTC)
https://bansallawyers.com.au/closing-loopholes-reforms-independent-contractors,https://bansallawyers.com.au/css/style_lawyer.min.css,css,17 Sep 2025 (04:02 UTC)
https://bansallawyers.com.au/commercial-law,https://bansallawyers.com.au/css/style_lawyer.min.css,css,17 Sep 2025 (05:40 UTC)
https://bansallawyers.com.au/contact,https://bansallawyers.com.au/css/style_lawyer.min.css,css,17 Sep 2025 (04:02 UTC)
https://bansallawyers.com.au/contracts-or-business-agreements,https://bansallawyers.com.au/css/style_lawyer.min.css,css,17 Sep 2025 (05:40 UTC)
https://bansallawyers.com.au/conveyancing,https://bansallawyers.com.au/css/style_lawyer.min.css,css,17 Sep 2025 (05:40 UTC)
https://bansallawyers.com.au/criminal-law,https://bansallawyers.com.au/css/style_lawyer.min.css,css,17 Sep 2025 (05:40 UTC)
https://bansallawyers.com.au/difference-between-courts-and-administrative-review-tribunal,https://bansallawyers.com.au/css/style_lawyer.min.css,css,19 Sep 2025 (11:28 UTC)
https://bansallawyers.com.au/divorce,https://bansallawyers.com.au/css/style_lawyer.min.css,css,17 Sep 2025 (05:40 UTC)
https://bansallawyers.com.au/divorce-laws-india-vs-australia,https://bansallawyers.com.au/css/style_lawyer.min.css,css,19 Sep 2025 (11:28 UTC)
https://bansallawyers.com.au/dont-miss-out-why-the-new-subclass-482-sid-visa-is-the-fastest-way-to-work-and-stay-in-australia,https://bansallawyers.com.au/css/style_lawyer.min.css,css,19 Sep 2025 (11:28 UTC)
https://bansallawyers.com.au/drink-driving-offences,https://bansallawyers.com.au/css/style_lawyer.min.css,css,17 Sep 2025 (05:40 UTC)
https://bansallawyers.com.au/exciting-changes-to-australias-administrative-review-system,https://bansallawyers.com.au/css/style_lawyer.min.css,css,19 Sep 2025 (11:28 UTC)
https://bansallawyers.com.au/family-law,https://bansallawyers.com.au/css/style_lawyer.min.css,css,17 Sep 2025 (05:40 UTC)
https://bansallawyers.com.au/family-violence,https://bansallawyers.com.au/css/style_lawyer.min.css,css,17 Sep 2025 (05:40 UTC)
https://bansallawyers.com.au/family-violence-orders,https://bansallawyers.com.au/css/style_lawyer.min.css,css,17 Sep 2025 (05:40 UTC)
https://bansallawyers.com.au/federal-court-application,https://bansallawyers.com.au/css/style_lawyer.min.css,css,17 Sep 2025 (05:40 UTC)
https://bansallawyers.com.au/guide-to-successful-co-parenting-after-divorce,https://bansallawyers.com.au/css/style_lawyer.min.css,css,19 Sep 2025 (11:28 UTC)
https://bansallawyers.com.au/hiding-assets-during-divorce-australia,https://bansallawyers.com.au/css/style_lawyer.min.css,css,19 Sep 2025 (11:28 UTC)
https://bansallawyers.com.au/how-to-appeal-visa-refusal-administrative-review-tribunal,https://bansallawyers.com.au/css/style_lawyer.min.css,css,17 Sep 2025 (05:40 UTC)
https://bansallawyers.com.au/how-to-appeal-visa-refusal-cancellation-art,https://bansallawyers.com.au/css/style_lawyer.min.css,css,17 Sep 2025 (05:40 UTC)
https://bansallawyers.com.au/how-to-build-strong-brand-legal-considerations-for-your-business-identity-in-australia,https://bansallawyers.com.au/css/style_lawyer.min.css,css,18 Sep 2025 (13:44 UTC)
https://bansallawyers.com.au/how-to-divide-finances-and-property-after-separation-australia,https://bansallawyers.com.au/css/style_lawyer.min.css,css,19 Sep 2025 (11:28 UTC)
https://bansallawyers.com.au/human-rights-legal-recourse-australia,https://bansallawyers.com.au/css/style_lawyer.min.css,css,17 Sep 2025 (05:40 UTC)
https://bansallawyers.com.au/important-changes-to-student-visa-processing-ministerial-direction,https://bansallawyers.com.au/css/style_lawyer.min.css,css,17 Sep 2025 (05:40 UTC)
https://bansallawyers.com.au/intervenition-orders,https://bansallawyers.com.au/css/style_lawyer.min.css,css,17 Sep 2025 (05:40 UTC)
https://bansallawyers.com.au/judicial-review-of-migration-decisions-in-australia-a-guide-by-bansal-lawyers,https://bansallawyers.com.au/css/style_lawyer.min.css,css,17 Sep 2025 (05:40 UTC)
https://bansallawyers.com.au/juridicational-error-federal-circuit-court-application,https://bansallawyers.com.au/css/style_lawyer.min.css,css,17 Sep 2025 (05:40 UTC)
https://bansallawyers.com.au/khanal-migration-english-language-requirements-covid-19-case-study,https://bansallawyers.com.au/css/style_lawyer.min.css,css,17 Sep 2025 (05:40 UTC)
https://bansallawyers.com.au/leasing-or-selling-a-business,https://bansallawyers.com.au/css/style_lawyer.min.css,css,17 Sep 2025 (05:40 UTC)
https://bansallawyers.com.au/loan-agreement,https://bansallawyers.com.au/css/style_lawyer.min.css,css,17 Sep 2025 (05:40 UTC)
https://bansallawyers.com.au/maazuddin-v-minister-2024-tribunal-decision-overturned,https://bansallawyers.com.au/css/style_lawyer.min.css,css,17 Sep 2025 (05:40 UTC)
https://bansallawyers.com.au/migration-law,https://bansallawyers.com.au/css/style_lawyer.min.css,css,17 Sep 2025 (05:40 UTC)
https://bansallawyers.com.au/navigating-corporate-litigation,https://bansallawyers.com.au/css/style_lawyer.min.css,css,17 Sep 2025 (05:40 UTC)
https://bansallawyers.com.au/noicc-visa-cancellation-australia,https://bansallawyers.com.au/css/style_lawyer.min.css,css,17 Sep 2025 (05:40 UTC)
https://bansallawyers.com.au/parenting-arrangements-after-divorce-in-australia,https://bansallawyers.com.au/css/style_lawyer.min.css,css,19 Sep 2025 (11:28 UTC)
https://bansallawyers.com.au/practice-areas,https://bansallawyers.com.au/css/style_lawyer.min.css,css,22 Sep 2025 (07:21 UTC)
https://bansallawyers.com.au/property-law,https://bansallawyers.com.au/css/style_lawyer.min.css,css,17 Sep 2025 (05:40 UTC)
https://bansallawyers.com.au/property-settlement,https://bansallawyers.com.au/css/style_lawyer.min.css,css,17 Sep 2025 (05:40 UTC)
https://bansallawyers.com.au/step-by-step-guide-applying-divorce-in-australia,https://bansallawyers.com.au/css/style_lawyer.min.css,css,19 Sep 2025 (11:28 UTC)
https://bansallawyers.com.au/student-visa-refusal-bias-jaggi-v-minister-2024,https://bansallawyers.com.au/css/style_lawyer.min.css,css,17 Sep 2025 (05:40 UTC)
https://bansallawyers.com.au/thakur-v-minister-for-immigration-2025-student-visa,https://bansallawyers.com.au/css/style_lawyer.min.css,css,17 Sep 2025 (05:40 UTC)
https://bansallawyers.com.au/top-10-legal-services-australia-bansal-lawyers-melbourne,https://bansallawyers.com.au/css/style_lawyer.min.css,css,26 Sep 2025 (05:14 UTC)
https://bansallawyers.com.au/top-legal-risks-for-small-businesses,https://bansallawyers.com.au/css/style_lawyer.min.css,css,17 Sep 2025 (05:40 UTC)
https://bansallawyers.com.au/trafic-offences,https://bansallawyers.com.au/css/style_lawyer.min.css,css,17 Sep 2025 (05:40 UTC)
https://bansallawyers.com.au/understanding-administrative-law-bansal-lawyers,https://bansallawyers.com.au/css/style_lawyer.min.css,css,19 Sep 2025 (11:28 UTC)
https://bansallawyers.com.au/understanding-affidavits-statutory-declarations-statements-of-evidence,https://bansallawyers.com.au/css/style_lawyer.min.css,css,19 Sep 2025 (11:28 UTC)
https://bansallawyers.com.au/understanding-de-facto-relationship-vs-marriage-australia,https://bansallawyers.com.au/css/style_lawyer.min.css,css,17 Sep 2025 (05:40 UTC)
https://bansallawyers.com.au/understanding-family-law-court-fees-australia,https://bansallawyers.com.au/css/style_lawyer.min.css,css,19 Sep 2025 (11:28 UTC)
https://bansallawyers.com.au/visa-refusal-australia-review-appeal-bansal-lawyers,https://bansallawyers.com.au/css/style_lawyer.min.css,css,19 Sep 2025 (11:28 UTC)
https://bansallawyers.com.au/visa-refusals-visa-cancellation,https://bansallawyers.com.au/css/style_lawyer.min.css,css,17 Sep 2025 (05:40 UTC)
https://bansallawyers.com.au/what-is-the-civil-dispute-resolution-act-2011-australia,https://bansallawyers.com.au/css/style_lawyer.min.css,css,17 Sep 2025 (04:02 UTC)
https://bansallawyers.com.au/why-you-need-power-of-attorney-bansal-lawyers-australia,https://bansallawyers.com.au/css/style_lawyer.min.css,css,19 Sep 2025 (11:28 UTC)
https://bansallawyers.com.au/why-you-need-power-of-attorney-today,https://bansallawyers.com.au/css/style_lawyer.min.css,css,19 Sep 2025 (11:28 UTC)
https://www.bansallawyers.com.au,https://www.bansallawyers.com.au/css/style_lawyer.min.css,css,17 Sep 2025 (05:40 UTC)
https://www.bansallawyers.com.au/,https://www.bansallawyers.com.au/css/style_lawyer.min.css,css,17 Sep 2025 (05:40 UTC)
https://www.bansallawyers.com.au/about,https://www.bansallawyers.com.au/css/style_lawyer.min.css,css,17 Sep 2025 (05:40 UTC)
https://www.bansallawyers.com.au/administrative-law-explained-expert-guidance-bansal-lawyers,https://www.bansallawyers.com.au/css/style_lawyer.min.css,css,20 Sep 2025 (06:24 UTC)
https://www.bansallawyers.com.au/alsheri-v-minister-2025-importance-of-framing-legal-question,https://www.bansallawyers.com.au/css/style_lawyer.min.css,css,17 Sep 2025 (05:40 UTC)
https://www.bansallawyers.com.au/art-application,https://www.bansallawyers.com.au/css/style_lawyer.min.css,css,17 Sep 2025 (05:40 UTC)
https://www.bansallawyers.com.au/assualt-charges,https://www.bansallawyers.com.au/css/style_lawyer.min.css,css,17 Sep 2025 (05:40 UTC)
https://www.bansallawyers.com.au/book-an-appointment,https://www.bansallawyers.com.au/css/style_lawyer.min.css,css,17 Sep 2025 (05:40 UTC)
https://www.bansallawyers.com.au/book-an-appointment,https://www.bansallawyers.com.au/js/Frontend/sticky.min.js,javascript,17 Sep 2025 (05:40 UTC)
https://www.bansallawyers.com.au/book-an-appointment,https://www.bansallawyers.com.au/js/Frontend/hoverIntent.min.js,javascript,17 Sep 2025 (05:40 UTC)
https://www.bansallawyers.com.au/breaking-australia-national-innovation-visa-set-to-revolutionize-immigration-in-2024,https://www.bansallawyers.com.au/css/style_lawyer.min.css,css,17 Sep 2025 (05:40 UTC)
https://www.bansallawyers.com.au/breaking-rental-agreement-early-in-australia,https://www.bansallawyers.com.au/css/style_lawyer.min.css,css,17 Sep 2025 (05:40 UTC)
https://www.bansallawyers.com.au/building-and-construction-disputes,https://www.bansallawyers.com.au/css/style_lawyer.min.css,css,17 Sep 2025 (05:40 UTC)
https://www.bansallawyers.com.au/business-law,https://www.bansallawyers.com.au/css/style_lawyer.min.css,css,17 Sep 2025 (05:40 UTC)
https://www.bansallawyers.com.au/case,https://www.bansallawyers.com.au/css/style_lawyer.min.css,css,17 Sep 2025 (05:40 UTC)
https://www.bansallawyers.com.au/caveats-disputs-and-removal,https://www.bansallawyers.com.au/css/style_lawyer.min.css,css,17 Sep 2025 (05:40 UTC)
https://www.bansallawyers.com.au/chikweu-v-minister-2024-federal-court-visa-refusal-overturn,https://www.bansallawyers.com.au/css/style_lawyer.min.css,css,17 Sep 2025 (05:40 UTC)
https://www.bansallawyers.com.au/child-custody,https://www.bansallawyers.com.au/css/style_lawyer.min.css,css,17 Sep 2025 (05:40 UTC)
https://www.bansallawyers.com.au/closing-loopholes-reforms-independent-contractors,https://www.bansallawyers.com.au/css/style_lawyer.min.css,css,17 Sep 2025 (05:40 UTC)
https://www.bansallawyers.com.au/commercial-law,https://www.bansallawyers.com.au/css/style_lawyer.min.css,css,17 Sep 2025 (05:40 UTC)
https://www.bansallawyers.com.au/contact,https://www.bansallawyers.com.au/css/style_lawyer.min.css,css,17 Sep 2025 (05:40 UTC)
https://www.bansallawyers.com.au/contracts-or-business-agreements,https://www.bansallawyers.com.au/css/style_lawyer.min.css,css,17 Sep 2025 (05:40 UTC)
https://www.bansallawyers.com.au/conveyancing,https://www.bansallawyers.com.au/css/style_lawyer.min.css,css,17 Sep 2025 (05:40 UTC)
https://www.bansallawyers.com.au/criminal-law,https://www.bansallawyers.com.au/css/style_lawyer.min.css,css,17 Sep 2025 (05:40 UTC)
https://www.bansallawyers.com.au/difference-between-courts-and-administrative-review-tribunal,https://www.bansallawyers.com.au/css/style_lawyer.min.css,css,17 Sep 2025 (05:40 UTC)
https://www.bansallawyers.com.au/divorce,https://www.bansallawyers.com.au/css/style_lawyer.min.css,css,17 Sep 2025 (05:40 UTC)
https://www.bansallawyers.com.au/divorce-laws-india-vs-australia,https://www.bansallawyers.com.au/css/style_lawyer.min.css,css,17 Sep 2025 (05:40 UTC)
https://www.bansallawyers.com.au/dont-miss-out-why-the-new-subclass-482-sid-visa-is-the-fastest-way-to-work-and-stay-in-australia,https://www.bansallawyers.com.au/css/style_lawyer.min.css,css,17 Sep 2025 (05:40 UTC)
https://www.bansallawyers.com.au/drink-driving-offences,https://www.bansallawyers.com.au/css/style_lawyer.min.css,css,17 Sep 2025 (05:40 UTC)
https://www.bansallawyers.com.au/exciting-changes-to-australias-administrative-review-system,https://www.bansallawyers.com.au/css/style_lawyer.min.css,css,17 Sep 2025 (05:40 UTC)
https://www.bansallawyers.com.au/family-law,https://www.bansallawyers.com.au/css/style_lawyer.min.css,css,17 Sep 2025 (05:40 UTC)
https://www.bansallawyers.com.au/family-violence,https://www.bansallawyers.com.au/css/style_lawyer.min.css,css,17 Sep 2025 (05:40 UTC)
https://www.bansallawyers.com.au/family-violence-orders,https://www.bansallawyers.com.au/css/style_lawyer.min.css,css,17 Sep 2025 (05:40 UTC)
https://www.bansallawyers.com.au/federal-court-application,https://www.bansallawyers.com.au/css/style_lawyer.min.css,css,17 Sep 2025 (05:40 UTC)
https://www.bansallawyers.com.au/guide-to-successful-co-parenting-after-divorce,https://www.bansallawyers.com.au/css/style_lawyer.min.css,css,17 Sep 2025 (05:40 UTC)
https://www.bansallawyers.com.au/hiding-assets-during-divorce-australia,https://www.bansallawyers.com.au/css/style_lawyer.min.css,css,17 Sep 2025 (05:40 UTC)
https://www.bansallawyers.com.au/how-to-appeal-visa-refusal-administrative-review-tribunal,https://www.bansallawyers.com.au/css/style_lawyer.min.css,css,17 Sep 2025 (05:40 UTC)
https://www.bansallawyers.com.au/how-to-appeal-visa-refusal-cancellation-art,https://www.bansallawyers.com.au/css/style_lawyer.min.css,css,17 Sep 2025 (05:40 UTC)
https://www.bansallawyers.com.au/how-to-build-strong-brand-legal-considerations-for-your-business-identity-in-australia,https://www.bansallawyers.com.au/css/style_lawyer.min.css,css,18 Sep 2025 (13:44 UTC)
https://www.bansallawyers.com.au/how-to-divide-finances-and-property-after-separation-australia,https://www.bansallawyers.com.au/css/style_lawyer.min.css,css,17 Sep 2025 (05:40 UTC)
https://www.bansallawyers.com.au/human-rights-legal-recourse-australia,https://www.bansallawyers.com.au/css/style_lawyer.min.css,css,17 Sep 2025 (05:40 UTC)
https://www.bansallawyers.com.au/important-changes-to-student-visa-processing-ministerial-direction,https://www.bansallawyers.com.au/css/style_lawyer.min.css,css,08 Oct 2025 (07:23 UTC)
https://www.bansallawyers.com.au/intervenition-orders,https://www.bansallawyers.com.au/css/style_lawyer.min.css,css,17 Sep 2025 (05:40 UTC)
https://www.bansallawyers.com.au/judicial-review-of-migration-decisions-in-australia-a-guide-by-bansal-lawyers,https://www.bansallawyers.com.au/css/style_lawyer.min.css,css,17 Sep 2025 (05:40 UTC)
https://www.bansallawyers.com.au/juridicational-error-federal-circuit-court-application,https://www.bansallawyers.com.au/css/style_lawyer.min.css,css,17 Sep 2025 (05:40 UTC)
https://www.bansallawyers.com.au/khanal-migration-english-language-requirements-covid-19-case-study,https://www.bansallawyers.com.au/css/style_lawyer.min.css,css,17 Sep 2025 (05:40 UTC)
https://www.bansallawyers.com.au/leasing-or-selling-a-business,https://www.bansallawyers.com.au/css/style_lawyer.min.css,css,17 Sep 2025 (05:40 UTC)
https://www.bansallawyers.com.au/loan-agreement,https://www.bansallawyers.com.au/css/style_lawyer.min.css,css,17 Sep 2025 (05:40 UTC)
https://www.bansallawyers.com.au/maazuddin-v-minister-2024-tribunal-decision-overturned,https://www.bansallawyers.com.au/css/style_lawyer.min.css,css,17 Sep 2025 (05:40 UTC)
https://www.bansallawyers.com.au/migration-law,https://www.bansallawyers.com.au/css/style_lawyer.min.css,css,17 Sep 2025 (05:40 UTC)
https://www.bansallawyers.com.au/navigating-corporate-litigation,https://www.bansallawyers.com.au/css/style_lawyer.min.css,css,17 Sep 2025 (05:40 UTC)
https://www.bansallawyers.com.au/noicc-visa-cancellation-australia,https://www.bansallawyers.com.au/css/style_lawyer.min.css,css,17 Sep 2025 (05:40 UTC)
https://www.bansallawyers.com.au/parenting-arrangements-after-divorce-in-australia,https://www.bansallawyers.com.au/css/style_lawyer.min.css,css,17 Sep 2025 (05:40 UTC)
https://www.bansallawyers.com.au/practice-areas,https://www.bansallawyers.com.au/css/style_lawyer.min.css,css,22 Sep 2025 (07:21 UTC)
https://www.bansallawyers.com.au/property-law,https://www.bansallawyers.com.au/css/style_lawyer.min.css,css,17 Sep 2025 (05:40 UTC)
https://www.bansallawyers.com.au/property-settlement,https://www.bansallawyers.com.au/css/style_lawyer.min.css,css,17 Sep 2025 (05:40 UTC)
https://www.bansallawyers.com.au/step-by-step-guide-applying-divorce-in-australia,https://www.bansallawyers.com.au/css/style_lawyer.min.css,css,22 Sep 2025 (11:33 UTC)
https://www.bansallawyers.com.au/student-visa-refusal-bias-jaggi-v-minister-2024,https://www.bansallawyers.com.au/css/style_lawyer.min.css,css,17 Sep 2025 (05:40 UTC)
https://www.bansallawyers.com.au/thakur-v-minister-for-immigration-2025-student-visa,https://www.bansallawyers.com.au/css/style_lawyer.min.css,css,22 Sep 2025 (11:33 UTC)
https://www.bansallawyers.com.au/top-10-legal-services-australia-bansal-lawyers-melbourne,https://www.bansallawyers.com.au/css/style_lawyer.min.css,css,26 Sep 2025 (05:14 UTC)
https://www.bansallawyers.com.au/top-legal-risks-for-small-businesses,https://www.bansallawyers.com.au/css/style_lawyer.min.css,css,17 Sep 2025 (05:40 UTC)
https://www.bansallawyers.com.au/trafic-offences,https://www.bansallawyers.com.au/css/style_lawyer.min.css,css,17 Sep 2025 (05:40 UTC)
https://www.bansallawyers.com.au/understanding-administrative-law-bansal-lawyers,https://www.bansallawyers.com.au/css/style_lawyer.min.css,css,17 Sep 2025 (05:40 UTC)
https://www.bansallawyers.com.au/understanding-affidavits-statutory-declarations-statements-of-evidence,https://www.bansallawyers.com.au/css/style_lawyer.min.css,css,17 Sep 2025 (05:40 UTC)
https://www.bansallawyers.com.au/understanding-de-facto-relationship-vs-marriage-australia,https://www.bansallawyers.com.au/css/style_lawyer.min.css,css,17 Sep 2025 (05:40 UTC)
https://www.bansallawyers.com.au/understanding-family-law-court-fees-australia,https://www.bansallawyers.com.au/css/style_lawyer.min.css,css,17 Sep 2025 (05:40 UTC)
https://www.bansallawyers.com.au/visa-refusal-australia-review-appeal-bansal-lawyers,https://www.bansallawyers.com.au/css/style_lawyer.min.css,css,17 Sep 2025 (05:40 UTC)
https://www.bansallawyers.com.au/visa-refusals-visa-cancellation,https://www.bansallawyers.com.au/css/style_lawyer.min.css,css,17 Sep 2025 (05:40 UTC)
https://www.bansallawyers.com.au/what-is-the-civil-dispute-resolution-act-2011-australia,https://www.bansallawyers.com.au/css/style_lawyer.min.css,css,17 Sep 2025 (05:40 UTC)
https://www.bansallawyers.com.au/why-you-need-power-of-attorney-bansal-lawyers-australia,https://www.bansallawyers.com.au/css/style_lawyer.min.css,css,17 Sep 2025 (05:40 UTC)
https://www.bansallawyers.com.au/why-you-need-power-of-attorney-today,https://www.bansallawyers.com.au/css/style_lawyer.min.css,css,19 Sep 2025 (11:28 UTC)
